[
{
  "fields": {
    "chief": true,
    "level_group": 1,
    "name": "\u7ee9\u6548(\u4fe1\u606f\u7ba1\u7406\u4e2d\u5fc3)",
    "mark": "\u52a1\u5b9e"
  },
  "model": "performance.assessment",
  "pk": 1
},
{
  "fields": {
    "chief": false,
    "level_group": 1,
    "name": "\u7d20\u517b",
    "mark": "\u5fd7\u540c\u9053\u5408\u3001\u5171\u540c\u4ef7\u503c\u89c2 \u7b80\u5355\u3001\u683c\u5c40\u3001\u6709\u5185\u6db5"
  },
  "model": "performance.assessment",
  "pk": 2
},
{
  "fields": {
    "min_score": 0,
    "prompt": "\u6240\u5b8c\u6210\u7684\u5de5\u4f5c\u80fd\u7ed9\u4e88\u4eba\u6ee1\u610f\u7684\u7a0b\u5ea6",
    "name": "\u8d28\u91cf",
    "key_word": "\u4e13\u4e1a",
    "max_score": 10,
    "percent": 20.0,
    "level_group": 1,
    "active": true,
    "assessment": 1
  },
  "model": "performance.assessmentline",
  "pk": 1
},
{
  "fields": {
    "min_score": 0,
    "prompt": "\u672c\u9879\u4e0d\u8003\u8651\u5de5\u4f5c\u8d28\uff0c\u53ea\u8003\u8651\u5de5\u4f5c\u8fdb\u5ea6\u4e0e\u5de5\u4f5c\u91cf",
    "name": "\u8fdb\u5ea6",
    "key_word": "\u4e3b\u52a8\u79ef\u6781\u3001\u81ea\u6211\u9a71\u52a8",
    "max_score": 10,
    "percent": 20.0,
    "level_group": 1,
    "active": true,
    "assessment": 1
  },
  "model": "performance.assessmentline",
  "pk": 2
},
{
  "fields": {
    "min_score": 0,
    "prompt": "\u5355\u4f4d\u65f6\u95f4\u5185\u7684\u5de5\u4f5c\u76ee\u6807\u8fbe\u6210\u60c5\u51b5",
    "name": "\u6548\u7387",
    "key_word": "\u9ad8\u6548\u3001\u72ec\u7acb\u6027\u3001\u6267\u884c\u529b\u5f3a",
    "max_score": 10,
    "percent": 10.0,
    "level_group": 1,
    "active": true,
    "assessment": 1
  },
  "model": "performance.assessmentline",
  "pk": 3
},
{
  "fields": {
    "min_score": 0,
    "prompt": "\u8003\u8651\u5176\u5bf9\u5de5\u4f5c\u7684\u8d23\u4efb\u611f\uff0c\u4e3b\u4eba\u7fc1\u7cbe\u795e",
    "name": "\u62c5\u5f53",
    "key_word": "\u62c5\u5f53\u3001\u8ba4\u771f\u8d1f\u8d23",
    "max_score": 10,
    "percent": 7.0,
    "level_group": 1,
    "active": true,
    "assessment": 2
  },
  "model": "performance.assessmentline",
  "pk": 4
},
{
  "fields": {
    "min_score": 0,
    "prompt": "\u6d1e\u6089\u4e8b\u6001\u53d1\u5c55\u53ca\u521b\u65b0\u6539\u8fdb\u7684\u610f\u89c1",
    "name": "\u521b\u65b0",
    "key_word": "\u6709\u60f3\u6cd5\u3001\u6709\u76ee\u6807\u3001\u6709\u68a6\u60f3",
    "max_score": 10,
    "percent": 7.0,
    "level_group": 1,
    "active": true,
    "assessment": 2
  },
  "model": "performance.assessmentline",
  "pk": 5
},
{
  "fields": {
    "min_score": 0,
    "prompt": "\u8003\u8651\u5176\u8d21\u732e\u4e8e\u5de5\u4f5c\u7684\u7a0b\u5ea6",
    "name": "\u62fc\u640f",
    "key_word": "\u52e4\u594b\u3001\u62fc\u640f\u3001\u6709\u6bc5\u529b\uff0c\u6709\u6fc0\u60c5\u3001\u6297\u538b\u529b",
    "max_score": 10,
    "percent": 7.0,
    "level_group": 1,
    "active": true,
    "assessment": 2
  },
  "model": "performance.assessmentline",
  "pk": 6
},
{
  "fields": {
    "min_score": 0,
    "prompt": "\u662f\u5426\u613f\u610f\u4e3a\u4eba\u670d\u52a1\uff0c\u6210\u5c31\u4ed6\u4eba",
    "name": "\u5229\u4ed6",
    "key_word": "\u4e92\u8865\u3001\u4e50\u4e8e\u52a9\u4eba",
    "max_score": 10,
    "percent": 6.0,
    "level_group": 1,
    "active": true,
    "assessment": 2
  },
  "model": "performance.assessmentline",
  "pk": 7
},
{
  "fields": {
    "min_score": 0,
    "prompt": "\u662f\u5426\u5177\u5907\u73b0\u4efb\u6240\u8981\u8003\u8651\u5176\u5bf9\u5de5\u4f5c\u3001\u540c\u4e8b\u3001\u516c\u53f8\u4e4b\u6001\u5ea6\uff0c\u53ca\u4e0e\u4eba\u5408\u4f5c\uff1b\u662f\u5426\u613f\u610f\u5c1d\u8bd5\u65b0\u89c2\u5ff5\u3001\u65b0\u65b9\u6cd5",
    "name": "\u5f00\u653e",
    "key_word": "\u5f00\u653e\u3001\u5305\u5bb9\u3001\u809a\u91cf\u3001\u59a5\u534f\u3001\u4e0d\u8ba1\u8f83",
    "max_score": 10,
    "percent": 6.0,
    "level_group": 1,
    "active": true,
    "assessment": 2
  },
  "model": "performance.assessmentline",
  "pk": 8
},
{
  "fields": {
    "min_score": 0,
    "prompt": "\u8003\u6838\u671f\u5bf9\u516c\u53f8\u7eaa\u5f8b\u89c4\u5b9a\u9075\u5b88\u60c5\u51b5\uff0c\u4ee5\u53ca\u5173\u952e\u7684\u7ea2\u9ed1\u4e8b\u4ef6",
    "name": "\u8bda\u4fe1",
    "key_word": "\u8bda\u4fe1",
    "max_score": 10,
    "percent": 5.0,
    "level_group": 1,
    "active": false,
    "assessment": 2
  },
  "model": "performance.assessmentline",
  "pk": 9
},
{
  "fields": {
    "min_score": 0,
    "prompt": "\u80fd\u591f\u51c6\u786e\u8868\u8fbe\u81ea\u5df1\u7684\u610f\u601d\uff0c\u540c\u65f6\u80fd\u591f\u51c6\u786e\u7406\u89e3\u4ed6\u4eba\u6240\u8bf4\u7684\u8bdd\uff0c\u5e76\u505a\u51fa\u9002\u5f53\u53cd\u9988",
    "name": "\u6c9f\u901a",
    "key_word": "\u5f00\u6717\u3001\u5e7d\u9ed8\u3001\u6b63\u80fd\u91cf\u3001\u8bb2\u9053\u7406\u3001\u6709\u4eb2\u548c\u529b\u3001\u6709\u4fee\u517b\u3001\u5584\u4e8e\u6c9f\u901a",
    "max_score": 10,
    "percent": 5.0,
    "level_group": 1,
    "active": true,
    "assessment": 2
  },
  "model": "performance.assessmentline",
  "pk": 10
},
{
  "fields": {
    "min_score": 0,
    "prompt": "\u63a5\u53d7\u65b0\u77e5\u8bc6\u7684\u80fd\u529b\uff0c\u662f\u5426\u80fd\u8bb0\u5fc6\u3001\u9075\u5faa\u5e76\u4e88\u4ee5\u5e94\u7528",
    "name": "\u5b66\u4e60",
    "key_word": "\u81ea\u6211\u7a81\u7834",
    "max_score": 10,
    "percent": 5.0,
    "level_group": 1,
    "active": true,
    "assessment": 2
  },
  "model": "performance.assessmentline",
  "pk": 11
},
{
  "fields": {
    "min_score": 0,
    "prompt": "\u8003\u5bdf\u662f\u5426\u4e50\u4e8e\u5206\u4eab",
    "name": "\u5206\u4eab",
    "key_word": "\u9605\u5386\u3001\u5206\u4eab",
    "max_score": 10,
    "percent": 2.0,
    "level_group": 1,
    "active": true,
    "assessment": 2
  },
  "model": "performance.assessmentline",
  "pk": 12
},
{
  "fields": {
    "min_score": 0,
    "prompt": "\u8003\u5bdf\u5728\u5fc5\u8981\u60c5\u51b5\u4e0b\uff0c\u73b0\u573a\u5904\u7f6e\u80fd\u529b",
    "name": "\u51b3\u65ad",
    "key_word": "\u51b3\u65ad",
    "max_score": 10,
    "percent": 2.0,
    "level_group": 1,
    "active": true,
    "assessment": 2
  },
  "model": "performance.assessmentline",
  "pk": 13
},
{
  "fields": {
    "assessment_line": 1,
    "description": "\u5de5\u4f5c\u7684\u5904\u7406\u8fc7\u7a0b\u4e0e\u7ed3\u679c\u5747\u751a\u6b63\u786e\u5145\u5206\u80fd\u4fe1\u8d56",
    "level_group": 1,
    "level": 1
  },
  "model": "performance.assessmentlinedetail",
  "pk": 1
},
{
  "fields": {
    "assessment_line": 1,
    "description": "\u5076\u800c\u4f1a\u53d1\u751f\u9519\u8bef\uff0c\u4f46\u5c1a\u80fd\u7ec6\u5fc3\uff0c\u6210\u679c\u6b63\u786e\u80fd\u4fe1\u8d56",
    "level_group": 1,
    "level": 2
  },
  "model": "performance.assessmentlinedetail",
  "pk": 2
},
{
  "fields": {
    "assessment_line": 1,
    "description": "\u6709\u65f6\u4f1a\u53d1\u751f\u9519\u8bef\uff0c\u4f46\u5de5\u4f5c\u6210\u679c\u5c1a\u79f0\u826f\u597d",
    "level_group": 1,
    "level": 3
  },
  "model": "performance.assessmentlinedetail",
  "pk": 3
},
{
  "fields": {
    "assessment_line": 1,
    "description": "\u56e0\u4e0d\u6ce8\u610f\u800c\u65f6\u5e38\u53d1\u751f\u9519\u8bef\uff0c\u5de5\u4f5c\u6210\u679c\u4e5f\u4e0d\u80fd\u79f0\u4e3a\u826f\u597d",
    "level_group": 1,
    "level": 4
  },
  "model": "performance.assessmentlinedetail",
  "pk": 4
},
{
  "fields": {
    "assessment_line": 1,
    "description": "\u96be\u52a0\u4ee5\u7763\u5bfc\uff0c\u5374\u672a\u80fd\u53d1\u751f\u5de5\u4f5c\u7684\u6548\u679c\uff0c\u800c\u4e14\u6b20\u7ec6\u5fc3",
    "level_group": 1,
    "level": 5
  },
  "model": "performance.assessmentlinedetail",
  "pk": 5
},
{
  "fields": {
    "assessment_line": 2,
    "description": "\u901f\u5ea6\u8d85\u4e4e\u5e38\u4eba\uff0c\u4ea7\u91cf\u6bd4\u8981\u6c42\u7684\u591a\u3002",
    "level_group": 1,
    "level": 1
  },
  "model": "performance.assessmentlinedetail",
  "pk": 6
},
{
  "fields": {
    "assessment_line": 2,
    "description": "\u8d85\u51fa\u5e73\u5747\u91cf",
    "level_group": 1,
    "level": 2
  },
  "model": "performance.assessmentlinedetail",
  "pk": 7
},
{
  "fields": {
    "assessment_line": 2,
    "description": "\u7b26\u5408\u8981\u6c42\uff0c\u5076\u5c14\u8d85\u8fc7\u3002",
    "level_group": 1,
    "level": 3
  },
  "model": "performance.assessmentlinedetail",
  "pk": 8
},
{
  "fields": {
    "assessment_line": 2,
    "description": "\u4f4e\u4e8e\u5e73\u5747\u3002",
    "level_group": 1,
    "level": 4
  },
  "model": "performance.assessmentlinedetail",
  "pk": 9
},
{
  "fields": {
    "assessment_line": 2,
    "description": "\u5de5\u4f5c\u6162\uff0c\u4ece\u672a\u6309\u65f6\u5b8c\u5de5",
    "level_group": 1,
    "level": 5
  },
  "model": "performance.assessmentlinedetail",
  "pk": 10
},
{
  "fields": {
    "assessment_line": 3,
    "description": "\u5de5\u4f5c\u6548\u7387\u9ad8\uff0c\u5177\u5353\u8d8a\u521b\u610f\u7ee9\u6548\u679c\u8fbe\u621090%-100%",
    "level_group": 1,
    "level": 1
  },
  "model": "performance.assessmentlinedetail",
  "pk": 11
},
{
  "fields": {
    "assessment_line": 3,
    "description": "\u5de5\u4f5c\u6548\u7387\u8f83\u9ad8\uff0c\u80fd\u80dc\u4efb\u5de5\u4f5c\u7ee9\u6548\u8fbe\u621089%-80%",
    "level_group": 1,
    "level": 2
  },
  "model": "performance.assessmentlinedetail",
  "pk": 12
},
{
  "fields": {
    "assessment_line": 3,
    "description": "\u5de5\u4f5c\u4e0d\u8bef\u671f\uff0c\u8868\u73b0\u7b26\u5408\u8981\u6c42\u7ee9\u6548\u8fbe\u621079%-61%",
    "level_group": 1,
    "level": 3
  },
  "model": "performance.assessmentlinedetail",
  "pk": 13
},
{
  "fields": {
    "assessment_line": 3,
    "description": "\u52c9\u5f3a\u9002\u4efb\u5de5\u4f5c\u3001\u65e0\u751a\u8868\u73b0\u7ee9\u6548\u8fbe\u621050%-60%",
    "level_group": 1,
    "level": 4
  },
  "model": "performance.assessmentlinedetail",
  "pk": 14
},
{
  "fields": {
    "assessment_line": 3,
    "description": "\u5de5\u4f5c\u6548\u7387\u6781\u4f4e\uff0c\u5177\u5e76\u65f6\u6709\u5dee\u9519\u7ee9\u6548\u8fbe\u621050%\u4ee5\u4e0b",
    "level_group": 1,
    "level": 5
  },
  "model": "performance.assessmentlinedetail",
  "pk": 15
},
{
  "fields": {
    "assessment_line": 4,
    "description": "\u975e\u5e38\u79ef\u6781\u3001\u8ba4\u771f\u7ec6\u5fc3\u8d1f\u8d23\u5730\u505a\u597d\u5de5\u4f5c\uff0c\u66f4\u80fd\u4e3b\u52a8\u5e2e\u52a9\u4ed6\u4eba\uff0c\u521b\u9020\u6761\u4ef6",
    "level_group": 1,
    "level": 1
  },
  "model": "performance.assessmentlinedetail",
  "pk": 16
},
{
  "fields": {
    "assessment_line": 4,
    "description": "\u5feb\u901f\u8ba4\u771f\uff0c\u7ec6\u5fc3\u8d1f\u8d23\u5730\u89e3\u51b3\u51fa\u73b0\uff0c\u80fd\u591f\u5e94\u9080\u5e2e\u52a9\u4ed6\u4eba",
    "level_group": 1,
    "level": 2
  },
  "model": "performance.assessmentlinedetail",
  "pk": 17
},
{
  "fields": {
    "assessment_line": 4,
    "description": "\u95ee\u9898\u80fd\u591f\u89e3\u51b3\uff0c\u4f46\u5e76\u4e0d\u663e\u5f97\u5341\u5206\u8ba4\u771f\uff0c\u5076\u5c14\u5e2e\u52a9\u4ed6\u4eba",
    "level_group": 1,
    "level": 3
  },
  "model": "performance.assessmentlinedetail",
  "pk": 18
},
{
  "fields": {
    "assessment_line": 4,
    "description": "\u5bf9\u4efd\u5185\u5de5\u4f5c\u4e0d\u591f\u8d1f\u8d23",
    "level_group": 1,
    "level": 4
  },
  "model": "performance.assessmentlinedetail",
  "pk": 19
},
{
  "fields": {
    "assessment_line": 4,
    "description": "\u4ee5\u65e0\u6240\u8c13\u7684\u6001\u5ea6\u5bf9\u5f85\u5de5\u4f5c",
    "level_group": 1,
    "level": 5
  },
  "model": "performance.assessmentlinedetail",
  "pk": 20
},
{
  "fields": {
    "assessment_line": 5,
    "description": "\u81ea\u52a8\u81ea\u53d1\uff0c\u81ea\u52a8\u627e\u5de5\u4f5c\u505a\uff0c\u5e76\u80fd\u6539\u5584\u5de5\u4f5c\u53ca\u63d0\u51fa\u6539\u8fdb\u65b9\u6cd5",
    "level_group": 1,
    "level": 1
  },
  "model": "performance.assessmentlinedetail",
  "pk": 21
},
{
  "fields": {
    "assessment_line": 5,
    "description": "\u9510\u610f\u9769\u65b0\uff0c\u63d0\u4f9b\u826f\u597d\u610f\u89c1\u548c\u5efa\u8bae",
    "level_group": 1,
    "level": 2
  },
  "model": "performance.assessmentlinedetail",
  "pk": 22
},
{
  "fields": {
    "assessment_line": 5,
    "description": "\u6709\u65f6\u9700\u8981\u7763\u5bfc\u624d\u80fd\u63d0\u4f9b\u610f\u89c1",
    "level_group": 1,
    "level": 3
  },
  "model": "performance.assessmentlinedetail",
  "pk": 23
},
{
  "fields": {
    "assessment_line": 5,
    "description": "\u53ea\u4f1a\u8ddf\u7740\u522b\u4eba\u540e\u9762\u505a\uff0c\u901a\u5e38\u53ea\u505a\u5fc5\u987b\u505a\u7684\uff0c\u65f6\u5e38\u9700\u8981\u9f13\u52a8",
    "level_group": 1,
    "level": 4
  },
  "model": "performance.assessmentlinedetail",
  "pk": 24
},
{
  "fields": {
    "assessment_line": 5,
    "description": "\u7ecf\u5e38\u6d6a\u8d39\u65f6\u95f4\uff0c\u4e0d\u4f1a\u81ea\u52a8\u81ea\u53d1\u63d0\u4f9b\u610f\u89c1",
    "level_group": 1,
    "level": 5
  },
  "model": "performance.assessmentlinedetail",
  "pk": 25
},
{
  "fields": {
    "assessment_line": 6,
    "description": "\u4e00\u5411\u53ef\u4ee5\u4fe1\u8d56\u5176\u5c06\u5de5\u4f5c\u505a\u597d",
    "level_group": 1,
    "level": 1
  },
  "model": "performance.assessmentlinedetail",
  "pk": 26
},
{
  "fields": {
    "assessment_line": 6,
    "description": "\u5927\u90e8\u5206\u65f6\u95f4\u90fd\u80fd\u8bda\u6073\u505a\u4e8b\uff0c\u5076\u5c14\u9700\u8981\u4eba\u63d0\u9192",
    "level_group": 1,
    "level": 2
  },
  "model": "performance.assessmentlinedetail",
  "pk": 27
},
{
  "fields": {
    "assessment_line": 6,
    "description": "\u901a\u5e38\u80fd\u575a\u5b88\u5176\u5de5\u4f5c\uff0c\u5076\u5c14\u4f1a\u95f2\u901b",
    "level_group": 1,
    "level": 3
  },
  "model": "performance.assessmentlinedetail",
  "pk": 28
},
{
  "fields": {
    "assessment_line": 6,
    "description": "\u65f6\u5e38\u5ffd\u89c6\u5176\u5de5\u4f5c",
    "level_group": 1,
    "level": 4
  },
  "model": "performance.assessmentlinedetail",
  "pk": 29
},
{
  "fields": {
    "assessment_line": 6,
    "description": "\u6709\u673a\u4f1a\u5c31\u5077\u61d2\uff0c\u65f6\u5e38\u559c\u6b22\u95f2\u804a",
    "level_group": 1,
    "level": 5
  },
  "model": "performance.assessmentlinedetail",
  "pk": 30
},
{
  "fields": {
    "assessment_line": 7,
    "description": "\u4e8b\u4e8b\u4ee5\u4ed6\u4eba\u4e3a\u91cd\uff0c\u5c06\u4e2a\u4eba\u5229\u76ca\u653e\u5728\u6700\u540e\u3002",
    "level_group": 1,
    "level": 1
  },
  "model": "performance.assessmentlinedetail",
  "pk": 31
},
{
  "fields": {
    "assessment_line": 7,
    "description": "\u5076\u5c14\u80fd\u591f\u4ee5\u4ed6\u4eba\u5229\u76ca\u4e3a\u91cd\uff0c\u505a\u51fa\u4e00\u5b9a\u7684\u727a\u7272\u3002",
    "level_group": 1,
    "level": 2
  },
  "model": "performance.assessmentlinedetail",
  "pk": 32
},
{
  "fields": {
    "assessment_line": 7,
    "description": "\u80fd\u591f\u4ece\u5927\u5c40\u51fa\u53d1\uff0c\u613f\u610f\u63a5\u53d7\u4e00\u5b9a\u7684\u727a\u7272\u3002",
    "level_group": 1,
    "level": 3
  },
  "model": "performance.assessmentlinedetail",
  "pk": 33
},
{
  "fields": {
    "assessment_line": 7,
    "description": "\u80fd\u591f\u8003\u8651\u76f8\u5173\u4eba\u5458\u4e0e\u90e8\u95e8\u7684\u5229\u76ca\u3002",
    "level_group": 1,
    "level": 4
  },
  "model": "performance.assessmentlinedetail",
  "pk": 34
},
{
  "fields": {
    "assessment_line": 7,
    "description": "\u4ec5\u4ec5\u8003\u8651\u4e2a\u4eba\u6216\u8005\u90e8\u95e8\u7684\u5229\u76ca\uff0c\u4e0d\u5173\u5fc3\u4ed6\u4eba\u3002",
    "level_group": 1,
    "level": 5
  },
  "model": "performance.assessmentlinedetail",
  "pk": 35
},
{
  "fields": {
    "assessment_line": 8,
    "description": "\u4e0e\u540c\u4e8b\u6216\u4e3b\u7ba1\u5408\u4f5c\u6709\u6548\uff1b\u968f\u65f6\u51c6\u5907\u5c1d\u8bd5\u65b0\u89c2\u5ff5\uff1b\u4e0e\u4eba\u76f8\u5904\u975e\u5e38\u826f\u597d",
    "level_group": 1,
    "level": 1
  },
  "model": "performance.assessmentlinedetail",
  "pk": 36
},
{
  "fields": {
    "assessment_line": 8,
    "description": "\u4e00\u5411\u5408\u4f5c\u826f\u597d\uff0c\u613f\u610f\u63a5\u53d7\u65b0\u65b9\u6cd5",
    "level_group": 1,
    "level": 2
  },
  "model": "performance.assessmentlinedetail",
  "pk": 37
},
{
  "fields": {
    "assessment_line": 8,
    "description": "\u5927\u81f4\u4e0a\u4e0e\u4eba\u76f8\u5904\u6109\u5feb\uff0c\u5076\u5c14\u4f1a\u6709\u78e8\u64e6",
    "level_group": 1,
    "level": 3
  },
  "model": "performance.assessmentlinedetail",
  "pk": 38
},
{
  "fields": {
    "assessment_line": 8,
    "description": "\u7ecf\u5e38\u4e0d\u80fd\u5408\u4f5c\uff0c\u8868\u73b0\u4e0d\u540c\u610f\u7684\u6001\u5ea6\uff0c\u96be\u4ee5\u76f8\u5904",
    "level_group": 1,
    "level": 4
  },
  "model": "performance.assessmentlinedetail",
  "pk": 39
},
{
  "fields": {
    "assessment_line": 8,
    "description": "\u4f3c\u4e4e\u65e0\u6cd5\u4e0e\u4eba\u5408\u4f5c\uff1b\u4e0d\u613f\u63a5\u53d7\u65b0\u4e8b\u7269",
    "level_group": 1,
    "level": 5
  },
  "model": "performance.assessmentlinedetail",
  "pk": 40
},
{
  "fields": {
    "assessment_line": 9,
    "description": "\u4e25\u683c\u81ea\u89c9\u9075\u5b88\u5e76\u63d0\u51fa\u6709\u6548\u5efa\u8bae\uff0c\u89e3\u51b3\u5173\u952e/\u91cd\u5927\u95ee\u9898\uff0c\u6216\u7a81\u51fa\u8d21\u732e",
    "level_group": 1,
    "level": 1
  },
  "model": "performance.assessmentlinedetail",
  "pk": 41
},
{
  "fields": {
    "assessment_line": 9,
    "description": "\u81ea\u89c9\u9075\u5b88\u6ca1\u6709\u8fdd\u7eaa\uff0c\u7cbe\u795e\u72b6\u6001\u826f\u597d",
    "level_group": 1,
    "level": 2
  },
  "model": "performance.assessmentlinedetail",
  "pk": 42
},
{
  "fields": {
    "assessment_line": 9,
    "description": "\u81ea\u89c9\u9075\u5b88\u6ca1\u6709\u8fdd\u7eaa",
    "level_group": 1,
    "level": 3
  },
  "model": "performance.assessmentlinedetail",
  "pk": 43
},
{
  "fields": {
    "assessment_line": 9,
    "description": "\u5de5\u4f5c\u51fa\u73b0\u8fc7\u5931\uff0c\u4f46\u4e2a\u522b\u8fdd\u7eaa\u80fd\u81ea\u884c\u53ca\u65f6\u6539\u6b63",
    "level_group": 1,
    "level": 4
  },
  "model": "performance.assessmentlinedetail",
  "pk": 44
},
{
  "fields": {
    "assessment_line": 9,
    "description": "\u4e2a\u522b\u8fdd\u7eaa\u5728\u7ea0\u6b63\u540e\u6539\u6b63\uff0c\u51fa\u73b0\u4e25\u91cd\u5de5\u4f5c\u8fc7\u5931\u3002",
    "level_group": 1,
    "level": 5
  },
  "model": "performance.assessmentlinedetail",
  "pk": 45
},
{
  "fields": {
    "assessment_line": 10,
    "description": "\u901a\u8fc7\u6b63\u9762\uff0c\u5e7d\u9ed8\uff0c\u79ef\u6781\u7684\u6c9f\u901a\u65b9\u5f0f\uff0c\u4e50\u4e8e\u63a5\u53d7\u4ed6\u4eba\u7684\u610f\u89c1\uff0c\u6709\u6548\u7684\u5f15\u8d77\uff0c\u5e76\u5f71\u54cd\u5176\u4ed6\u4eba\u7684\u6ce8\u610f\u529b\uff0c\u5e76\u79ef\u6781\u7684\u53c2\u4e0e\u6c9f\u901a\uff0c\u80fd\u591f\u5de7\u5999\u5e76\u5efa\u8bbe\u6027\u7684\u5316\u89e3\u77db\u76fe\u3002",
    "level_group": 1,
    "level": 1
  },
  "model": "performance.assessmentlinedetail",
  "pk": 46
},
{
  "fields": {
    "assessment_line": 10,
    "description": "\u80fd\u591f\u6e05\u695a\u7684\u8868\u8fbe\u81ea\u5df1\u7684\u89c2\u70b9\uff0c\u7528\u79ef\u6781\u7684\u65b9\u5f0f\u5bf9\u5bf9\u65b9\u7684\u89c2\u70b9\u505a\u51fa\u53cd\u9988\uff0c\u613f\u610f\u4e0e\u4e0d\u540c\u610f\u89c1\u7684\u4eba\u505a\u4ea4\u6d41\u3002\u80fd\u591f\u51c6\u786e\u628a\u63e1\u5bf9\u65b9\u7684\u91cd\u8981\u610f\u601d\u3002\u80fd\u591f\u5316\u89e3\u4ea7\u751f\u7684\u77db\u76fe\uff0c\u4e0d\u5f71\u54cd\u5de5\u4f5c\u3002",
    "level_group": 1,
    "level": 2
  },
  "model": "performance.assessmentlinedetail",
  "pk": 47
},
{
  "fields": {
    "assessment_line": 10,
    "description": "\u89c2\u70b9\u8868\u8fbe\u975e\u5e38\u6e05\u6670\uff0c\u4e00\u8bf4\u5373\u61c2\uff0c\u80fd\u6ce8\u610f\u4ed6\u4eba\u7684\u53cd\u5e94\uff0c\u5bf9\u6ca1\u6709\u542c\u6e05\u695a\u7684\u8bdd\u80fd\u591f\u8fdb\u884c\u786e\u8ba4\u6216\u4e88\u4ee5\u53cd\u9988\u3002",
    "level_group": 1,
    "level": 3
  },
  "model": "performance.assessmentlinedetail",
  "pk": 48
},
{
  "fields": {
    "assessment_line": 10,
    "description": "\u89c2\u70b9\u8868\u8fbe\u4e0d\u6e05\u6670\uff0c\u4e0d\u7b80\u6d01\uff0c\u901a\u8fc7\u89e3\u91ca\u6700\u7ec8\u53ef\u660e\u767d\u3002\u80fd\u591f\u8ba4\u771f\u7684\u542c\u53d6\u4ed6\u4eba\u7684\u53d1\u8a00\uff0c\u5f88\u5c11\u7ed9\u4e0e\u53cd\u9988\u3002",
    "level_group": 1,
    "level": 4
  },
  "model": "performance.assessmentlinedetail",
  "pk": 49
},
{
  "fields": {
    "assessment_line": 10,
    "description": "\u89c2\u70b9\u8868\u8fbe\u975e\u5e38\u4e0d\u6e05\u6670\uff0c\u53ea\u987e\u81ea\u5df1\u53d1\u8a00\uff0c\u4e0d\u5728\u610f\u4ed6\u4eba\u7684\u53cd\u5e94\uff0c\u5176\u4ed6\u4eba\u53d1\u8a00\u65f6\u6ce8\u610f\u529b\u4e0d\u96c6\u4e2d\uff0c\u5f88\u5c11\u7ed9\u4e0e\u53cd\u9988\u3002",
    "level_group": 1,
    "level": 5
  },
  "model": "performance.assessmentlinedetail",
  "pk": 50
},
{
  "fields": {
    "assessment_line": 11,
    "description": "\u5584\u4e8e\u603b\u7ed3\u4e0e\u5f52\u7eb3\uff0c\u5b66\u4e60\u901f\u5ea6\u5feb\uff0c\u8bb0\u5fc6\u529b\u5f3a\uff0c\u80fd\u719f\u7ec3\u5e94\u7528\uff0c\u5e76\u80fd\u591f\u5e2e\u52a9\u4ed6\u4eba\u89e3\u51b3\u95ee\u9898\u3002",
    "level_group": 1,
    "level": 1
  },
  "model": "performance.assessmentlinedetail",
  "pk": 51
},
{
  "fields": {
    "assessment_line": 11,
    "description": "\u4e3b\u52a8\u5173\u6ce8\u672c\u884c\u4e1a\u7684\u76f8\u5173\u77e5\u8bc6\uff0c\u5b66\u4e60\u5feb\u901f\uff0c\u8bb0\u5fc6\u826f\u597d\uff0c\u80fd\u52a0\u4ee5\u5e94\u7528\uff0c\u9047\u5230\u68d8\u624b\u7684\u95ee\u9898\uff0c\u65e0\u6cd5\u72ec\u7acb\u89e3\u51b3",
    "level_group": 1,
    "level": 2
  },
  "model": "performance.assessmentlinedetail",
  "pk": 52
},
{
  "fields": {
    "assessment_line": 11,
    "description": "\u80fd\u591f\u81ea\u53d1\u5b66\u4e60\uff0c\u5b66\u4e60\u901f\u5ea6\u5c1a\u53ef\uff0c\u4e5f\u80fd\u8bb0\u7262\uff0c\u5b9e\u9645\u5e94\u7528\u65f6\u9700\u8981\u518d\u5411\u4ed6\u4eba\u8bf7\u6559",
    "level_group": 1,
    "level": 3
  },
  "model": "performance.assessmentlinedetail",
  "pk": 53
},
{
  "fields": {
    "assessment_line": 11,
    "description": "\u5b66\u4e60\u6307\u5b9a\u7684\u5185\u5bb9\uff0c\u5b66\u4e60\u7f13\u6162\uff0c\u4f46\u901a\u5e38\u80fd\u8bb0\u5f97\uff0c\u770b\u4f3c\u80fd\u5438\u6536\u800c\u5b9e\u9645\u5e76\u4e0d\u80fd\u52a0\u4ee5\u5e94\u7528",
    "level_group": 1,
    "level": 4
  },
  "model": "performance.assessmentlinedetail",
  "pk": 54
},
{
  "fields": {
    "assessment_line": 11,
    "description": "\u6ca1\u6709\u5b66\u4e60\u6b32\u671b\uff0c\u82e5\u975e\u4e00\u518d\u6559\u5bfc\uff0c\u6ca1\u6cd5\u5438\u6536",
    "level_group": 1,
    "level": 5
  },
  "model": "performance.assessmentlinedetail",
  "pk": 55
},
{
  "fields": {
    "assessment_line": 12,
    "description": "\u79ef\u6781\u7ec4\u7ec7\u5206\u4eab\u6d3b\u52a8\uff0c\u4e50\u4e8e\u5206\u4eab\uff0c\u5185\u5bb9\u3001\u5f62\u5f0f\u6781\u5177\u5438\u5f15\u529b\uff0c\u88ab\u5e7f\u4e3a\u4f20\u64ad",
    "level_group": 1,
    "level": 1
  },
  "model": "performance.assessmentlinedetail",
  "pk": 56
},
{
  "fields": {
    "assessment_line": 12,
    "description": "\u79ef\u6781\u53c2\u4e0e\u5206\u4eab\u6d3b\u52a8\uff0c\u4e50\u4e8e\u5206\u4eab\uff1b\u5185\u5bb9\u3001\u5f62\u5f0f\u90fd\u5177\u6709\u5438\u5f15\u529b",
    "level_group": 1,
    "level": 2
  },
  "model": "performance.assessmentlinedetail",
  "pk": 57
},
{
  "fields": {
    "assessment_line": 12,
    "description": "\u79ef\u6781\u53c2\u4e0e\u5206\u4eab\u6d3b\u52a8\uff0c\u80fd\u591f\u5b8c\u6210\u5206\u4eab\u4efb\u52a1",
    "level_group": 1,
    "level": 3
  },
  "model": "performance.assessmentlinedetail",
  "pk": 58
},
{
  "fields": {
    "assessment_line": 12,
    "description": "\u53c2\u4e0e\u5206\u4eab\u6d3b\u52a8\uff0c\u4e0d\u4e3b\u52a8\u5206\u4eab\u6216\u8005\u5206\u4eab\u5185\u5bb9\u8f83\u4e3a\u5e73\u6de1",
    "level_group": 1,
    "level": 4
  },
  "model": "performance.assessmentlinedetail",
  "pk": 59
},
{
  "fields": {
    "assessment_line": 12,
    "description": "\u5f88\u5c11\u53c2\u4e0e\u5206\u4eab\u6d3b\u52a8",
    "level_group": 1,
    "level": 5
  },
  "model": "performance.assessmentlinedetail",
  "pk": 60
},
{
  "fields": {
    "assessment_line": 13,
    "description": "\u80fd\u591f\u8fc5\u901f\u505a\u51fa\u5224\u65ad\uff0c\u4fdd\u8bc1\u5de5\u4f5c\u987a\u5229\u5706\u6ee1\u7684\u5b8c\u6210\uff0c\u5e76\u5bf9\u7ed3\u679c\u8d1f\u8d23\u3002",
    "level_group": 1,
    "level": 1
  },
  "model": "performance.assessmentlinedetail",
  "pk": 61
},
{
  "fields": {
    "assessment_line": 13,
    "description": "\u80fd\u591f\u5728\u53ef\u4ee5\u63a5\u53d7\u7684\u65f6\u6548\u5185\u505a\u51fa\u5224\u65ad\uff0c\u5b8c\u6210\u5de5\u4f5c\u3002",
    "level_group": 1,
    "level": 2
  },
  "model": "performance.assessmentlinedetail",
  "pk": 62
},
{
  "fields": {
    "assessment_line": 13,
    "description": "\u6700\u540e\u5173\u5934\u505a\u51fa\u51b3\u5b9a\uff0c\u5de5\u4f5c\u5b8c\u6210\u4e0d\u51fa\u8272\u3002",
    "level_group": 1,
    "level": 3
  },
  "model": "performance.assessmentlinedetail",
  "pk": 63
},
{
  "fields": {
    "assessment_line": 13,
    "description": "\u8fdf\u8fdf\u4e0d\u505a\u51b3\u5b9a\uff0c\u4e0d\u613f\u610f\u4e3a\u7ed3\u679c\u8d1f\u8d23\uff0c\u9020\u6210\u4e0d\u826f\u5f71\u54cd\u3002",
    "level_group": 1,
    "level": 4
  },
  "model": "performance.assessmentlinedetail",
  "pk": 64
},
{
  "fields": {
    "assessment_line": 13,
    "description": "\u4e0d\u505a\u51b3\u5b9a\uff0c\u4e0d\u8d1f\u8d23\u4efb\uff0c\u9020\u6210\u6076\u52a3\u5f71\u54cd\u3002",
    "level_group": 1,
    "level": 5
  },
  "model": "performance.assessmentlinedetail",
  "pk": 65
},
{
  "fields": {
    "name": "5\u7ea7\u7ee9\u6548\u8003\u6838"
  },
  "model": "performance.assessmentlevelgroup",
  "pk": 1
},
{
  "fields": {
    "min_score": 9.0,
    "group": 1,
    "name": "\u4f18\u79c0\uff0810~9\u5206\uff09",
    "sequence": 5,
    "result": "\u664b\u5347\u9aa8\u5e72",
    "max_score": 10.0
  },
  "model": "performance.assessmentlinelevel",
  "pk": 1
},
{
  "fields": {
    "min_score": 7.5,
    "group": 1,
    "name": "\u826f\u597d\uff088.9~7.5\u5206\uff09",
    "sequence": 4,
    "result": "\u5956\u916c\u57f9\u517b",
    "max_score": 8.9
  },
  "model": "performance.assessmentlinelevel",
  "pk": 2
},
{
  "fields": {
    "min_score": 6.0,
    "group": 1,
    "name": "\u4e00\u822c\uff087.5~6\u5206\uff09",
    "sequence": 3,
    "result": "\u5408\u683c",
    "max_score": 7.4
  },
  "model": "performance.assessmentlinelevel",
  "pk": 3
},
{
  "fields": {
    "min_score": 5.0,
    "group": 1,
    "name": "\u7ee9\u6548\u6539\u8fdb\uff085.9~5\uff09",
    "sequence": 2,
    "result": "\u7559\u7528\u5bdf\u770b",
    "max_score": 5.9
  },
  "model": "performance.assessmentlinelevel",
  "pk": 4
},
{
  "fields": {
    "min_score": 0.0,
    "group": 1,
    "name": "\u4e0d\u5408\u683c\uff085\u5206\u4ee5\u4e0b\uff09",
    "sequence": 1,
    "result": "\u6dd8\u6c70",
    "max_score": 4.9
  },
  "model": "performance.assessmentlinelevel",
  "pk": 5
},
{
  "fields": {
    "self_weight": 30.0,
    "higher_weight": 50.0,
    "random": 5,
    "department": 1,
    "relevant_weight": 20.0,
    "assessment": [
      1,
      2
    ]
  },
  "model": "performance.config",
  "pk": 1
},
{
  "fields": {
    "self_weight": 30.0,
    "higher_weight": 50.0,
    "random": 5,
    "department": 2,
    "relevant_weight": 20.0,
    "assessment": [
      2
    ]
  },
  "model": "performance.config",
  "pk": 2
}
]
